{
  "id" : "proj_qoGaGzoMrxO",
  "name" : "Hass-EN",
  "intents" : [ {
    "id" : "hass:HassOpenCover",
    "type" : "registry",
    "version" : "0.0.103",
    "language" : "en",
    "slots" : [ {
      "name" : "cover",
      "id" : "SyT4Doqtz",
      "entity" : "",
      "entityId" : "entity_pyG7YeovGGG",
      "missingQuestion" : "",
      "required" : false
    } ],
    "name" : "HassOpenCover"
  }, {
    "id" : "hass:HassCloseCover",
    "type" : "registry",
    "version" : "0.0.91",
    "language" : "en",
    "slots" : [ {
      "name" : "cover",
      "id" : "HJgews5FM",
      "entity" : "",
      "entityId" : "entity_pyG7YeovGGG",
      "missingQuestion" : "",
      "required" : false
    } ],
    "name" : "HassCloseCover"
  }, {
    "id" : "hass:HassShoppingListLastItems",
    "type" : "registry",
    "version" : "0.0.10",
    "language" : "en",
    "slots" : [ ],
    "name" : "HassShoppingListLastItems"
  }, {
    "id" : "hass:HassLightSet",
    "type" : "registry",
    "version" : "0.0.32",
    "language" : "en",
    "slots" : [ {
      "name" : "color",
      "id" : "SkX0kyDKG",
      "entity" : "",
      "entityId" : "entity_5AX3eGqn18w",
      "missingQuestion" : "",
      "required" : false
    }, {
      "name" : "brightness",
      "id" : "S1dGe1vYG",
      "entity" : "",
      "entityId" : "unit.percentage",
      "missingQuestion" : "",
      "required" : false
    }, {
      "name" : "light",
      "id" : "rkB3xmTqFM",
      "entity" : "",
      "entityId" : "entity_gpMyZobQmmA",
      "missingQuestion" : "",
      "required" : false
    } ],
    "name" : "HassLightSet"
  }, {
    "id" : "hass:HassTurnOn",
    "type" : "registry",
    "version" : "0.0.126",
    "language" : "en",
    "slots" : [ {
      "name" : "name",
      "id" : "SkZhkhCNG",
      "entity" : "",
      "entityId" : "entity_v30wEMAAm7q",
      "missingQuestion" : "",
      "required" : false
    } ],
    "name" : "HassTurnOn"
  }, {
    "id" : "hass:HassTurnOff",
    "type" : "registry",
    "version" : "0.0.111",
    "language" : "en",
    "slots" : [ {
      "name" : "name",
      "id" : "Hy3BVSbHM",
      "entity" : "",
      "entityId" : "entity_v30wEMAAm7q",
      "missingQuestion" : "",
      "required" : false
    } ],
    "name" : "HassTurnOff"
  }, {
    "id" : "hass:HassShoppingListAddItem",
    "type" : "registry",
    "version" : "0.0.24",
    "language" : "en",
    "slots" : [ {
      "name" : "item",
      "id" : "SkAhx2RNf",
      "entity" : "",
      "entityId" : "entity_r536GD83KAE",
      "missingQuestion" : "",
      "required" : false
    } ],
    "name" : "HassShoppingListAddItem"
  } ],
  "createdAt" : "2018-03-17T15:37:39.777Z",
  "language" : "en",
  "version" : {
    "nluModel" : "0.14.0"
  },
  "platform" : {
    "type" : "raspberrypi"
  },
  "asr" : {
    "type" : "snips"
  },
  "analyticsEnabled" : true,
  "heartbeatEnabled" : true,
  "hotword" : "hey_snips"
}