{
  "name" : "HassIO",
  "intents" : [ {
    "id" : "hass:HassTurnOnSet",
    "type" : "registry",
    "version" : "0.0.1",
    "language" : "en",
    "slots" : [ {
      "name" : "room",
      "id" : "Skp8YBxOf",
      "entity" : "",
      "entityId" : "entity_v30wEMAAm7q",
      "missingQuestion" : "",
      "required" : false
    }, {
      "name" : "color",
      "id" : "SyPvtHldz",
      "entity" : "",
      "entityId" : "entity_5AX3eGqn18w",
      "missingQuestion" : "",
      "required" : false
    }, {
      "name" : "brightness",
      "id" : "ryjrcrxuf",
      "entity" : "",
      "entityId" : "numbers.number",
      "missingQuestion" : "",
      "required" : false
    } ],
    "name" : "HassTurnOnSet"
  }, {
    "id" : "hass:HassOpenCover",
    "type" : "registry",
    "version" : "0.0.1",
    "language" : "en",
    "slots" : [ {
      "name" : "cover",
      "id" : "SkQtuSg_M",
      "entity" : "",
      "entityId" : "entity_v30wEMAAm7q",
      "missingQuestion" : "",
      "required" : false
    } ],
    "name" : "HassOpenCover"
  }, {
    "id" : "hass:HassCloseCover",
    "type" : "registry",
    "version" : "0.0.1",
    "language" : "en",
    "slots" : [ {
      "name" : "cover",
      "id" : "Hkw1tHe_f",
      "entity" : "",
      "entityId" : "entity_v30wEMAAm7q",
      "missingQuestion" : "",
      "required" : false
    } ],
    "name" : "HassCloseCover"
  }, {
    "id" : "hass:HassShoppingListLastItems",
    "type" : "registry",
    "version" : "0.0.4",
    "language" : "en",
    "slots" : [ ],
    "name" : "HassShoppingListLastItems"
  }, {
    "id" : "hass:HassTurnOn",
    "type" : "registry",
    "version" : "0.0.10",
    "language" : "en",
    "slots" : [ {
      "name" : "name",
      "id" : "SkZhkhCNG",
      "entity" : "",
      "entityId" : "entity_v30wEMAAm7q",
      "missingQuestion" : "",
      "required" : false
    } ],
    "name" : "HassTurnOn"
  }, {
    "id" : "hass:HassTurnOff",
    "type" : "registry",
    "version" : "0.0.4",
    "language" : "en",
    "slots" : [ {
      "name" : "name",
      "id" : "Hy3BVSbHM",
      "entity" : "",
      "entityId" : "entity_v30wEMAAm7q",
      "missingQuestion" : "",
      "required" : false
    } ],
    "name" : "HassTurnOff"
  }, {
    "id" : "hass:HassShoppingListAddItem",
    "type" : "registry",
    "version" : "0.0.8",
    "language" : "en",
    "slots" : [ {
      "name" : "item",
      "id" : "SkAhx2RNf",
      "entity" : "",
      "entityId" : "entity_r536GD83KAE",
      "missingQuestion" : "",
      "required" : false
    } ],
    "name" : "HassShoppingListAddItem"
  } ],
  "createdAt" : "2018-01-20T22:32:57.560Z",
  "language" : "en",
  "nluEngine" : {
    "version" : "0.12.0"
  },
  "platform" : {
    "type" : "raspberrypi"
  },
  "asr" : {
    "type" : "snips"
  },
  "analyticsEnabled" : true,
  "hotword" : "hey_snips"
}