{
  "id" : "proj_D4DlPK5Q1om",
  "name" : "Hass-ES",
  "intents" : [ {
    "id" : "hass:HassTurnOn",
    "type" : "registry",
    "version" : "0.0.2",
    "language" : "es",
    "slots" : [ {
      "name" : "entidad",
      "id" : "HJGbh25KM",
      "entity" : "",
      "entityId" : "entity_BbDq18Pzk39",
      "missingQuestion" : "",
      "required" : false
    } ],
    "name" : "HassTurnOn"
  }, {
    "id" : "hass:HassTurnOff",
    "type" : "registry",
    "version" : "0.0.2",
    "language" : "es",
    "slots" : [ {
      "name" : "entidad",
      "id" : "r1xN3n5Ff",
      "entity" : "",
      "entityId" : "entity_BbDq18Pzk39",
      "missingQuestion" : "",
      "required" : false
    } ],
    "name" : "HassTurnOff"
  }, {
    "id" : "hass:HassOpenCover",
    "type" : "registry",
    "version" : "0.0.1",
    "language" : "es",
    "slots" : [ {
      "name" : "cubierta",
      "id" : "B1L9hnqtG",
      "entity" : "",
      "entityId" : "entity_ez78dqOxklg",
      "missingQuestion" : "",
      "required" : false
    } ],
    "name" : "HassOpenCover"
  }, {
    "id" : "hass:HassShoppingListAddItem",
    "type" : "registry",
    "version" : "0.0.1",
    "language" : "es",
    "slots" : [ {
      "name" : "item",
      "id" : "HyOIpn5YM",
      "entity" : "",
      "entityId" : "entity_kb6bBODQWpv",
      "missingQuestion" : "",
      "required" : false
    } ],
    "name" : "HassShoppingListAddItem"
  }, {
    "id" : "hass:HassShoppingListLastItems",
    "type" : "registry",
    "version" : "0.0.1",
    "language" : "es",
    "slots" : [ ],
    "name" : "HassShoppingListLastItems"
  }, {
    "id" : "hass:HassCloseCover",
    "type" : "registry",
    "version" : "0.0.1",
    "language" : "es",
    "slots" : [ {
      "name" : "cubierta",
      "id" : "Hk6yp3qKM",
      "entity" : "",
      "entityId" : "entity_ez78dqOxklg",
      "missingQuestion" : "",
      "required" : false
    } ],
    "name" : "HassCloseCover"
  }, {
    "id" : "hass:HassLightSet",
    "type" : "registry",
    "version" : "0.0.1",
    "language" : "es",
    "slots" : [ {
      "name" : "luz",
      "id" : "B1blWpqKz",
      "entity" : "",
      "entityId" : "entity_0k7zXv2oQE8",
      "missingQuestion" : "",
      "required" : false
    }, {
      "name" : "color",
      "id" : "SJbb-6qYG",
      "entity" : "",
      "entityId" : "entity_bqMbONM99On",
      "missingQuestion" : "",
      "required" : false
    }, {
      "name" : "brillo",
      "id" : "BkezbTcYz",
      "entity" : "",
      "entityId" : "unit.percentage",
      "missingQuestion" : "",
      "required" : false
    } ],
    "name" : "HassLightSet"
  } ],
  "createdAt" : "2018-03-17T15:38:03.404Z",
  "language" : "es",
  "version" : {
    "nluModel" : "0.14.0"
  },
  "platform" : {
    "type" : "raspberrypi"
  },
  "asr" : {
    "type" : "google"
  },
  "analyticsEnabled" : true,
  "heartbeatEnabled" : true,
  "hotword" : "hey_snips"
}